USE QLBH;

-- Xóa dữ liệu các bảng cũ (Nếu có)
DELETE FROM HoaDon_ChiTiet;
DELETE FROM HoaDon;
DELETE FROM SanPham;
DELETE FROM HangSanXuat;
DELETE FROM LoaiSanPham;
DELETE FROM NhanVien;
DELETE FROM KhachHang;

-- Reset identity
IF EXISTS (SELECT * FROM sys.identity_columns WHERE OBJECT_NAME(OBJECT_ID) = 'HoaDon_ChiTiet' AND last_value IS NOT NULL)
	DBCC CHECKIDENT('HoaDon_ChiTiet', RESEED, 0);

IF EXISTS (SELECT * FROM sys.identity_columns WHERE OBJECT_NAME(OBJECT_ID) = 'HoaDon' AND last_value IS NOT NULL)
	DBCC CHECKIDENT('HoaDon', RESEED, 0);

IF EXISTS (SELECT * FROM sys.identity_columns WHERE OBJECT_NAME(OBJECT_ID) = 'SanPham' AND last_value IS NOT NULL)
	DBCC CHECKIDENT('SanPham', RESEED, 0);

IF EXISTS (SELECT * FROM sys.identity_columns WHERE OBJECT_NAME(OBJECT_ID) = 'HangSanXuat' AND last_value IS NOT NULL)
	DBCC CHECKIDENT('HangSanXuat', RESEED, 0);

IF EXISTS (SELECT * FROM sys.identity_columns WHERE OBJECT_NAME(OBJECT_ID) = 'LoaiSanPham' AND last_value IS NOT NULL)
	DBCC CHECKIDENT('LoaiSanPham', RESEED, 0);

IF EXISTS (SELECT * FROM sys.identity_columns WHERE OBJECT_NAME(OBJECT_ID) = 'NhanVien' AND last_value IS NOT NULL)
	DBCC CHECKIDENT('NhanVien', RESEED, 0);
	
IF EXISTS (SELECT * FROM sys.identity_columns WHERE OBJECT_NAME(OBJECT_ID) = 'KhachHang' AND last_value IS NOT NULL)
	DBCC CHECKIDENT('KhachHang', RESEED, 0);

SET IDENTITY_INSERT HangSanXuat ON
INSERT INTO HangSanXuat(ID, TenHangSanXuat) VALUES
(1, 'Acer'),
(2, 'Apple'),
(3, 'Asus'),
(4, 'Dell'),
(5, 'HP'),
(6, 'Huawei'),
(7, 'Itel'),
(8, 'Lenovo'),
(9, 'LG'),
(10, 'Masstel'),
(11, 'Mobell'),
(12, 'MSI'),
(13, 'Nokia'),
(14, 'Oneplus'),
(15, 'Oppo'),
(16, 'Realme'),
(17, 'Samsung'),
(18, 'Vivo'),
(19, 'Xiaomi');
SET IDENTITY_INSERT HangSanXuat OFF

INSERT INTO NhanVien(HoVaTen, DienThoai, DiaChi, TenDangNhap, MatKhau, QuyenHan) VALUES
(N'Nguyễn Văn An', '0123456888', 'Long Xuyên', 'admin', '$2a$11$XGOVk9m4HqzXBlwVvhKN/ur8FS/keV9QyuCwikTL67sL0gqNUupMa', 1),
(N'Hoàng Thảo My', '0123456999', 'Châu Thành', 'user', '$2a$11$c1syEtekaZ6OJrX77mGoJ.6mu4YuUjUHvKrliW8oOU3M3u7I6zyuy', 0);

INSERT INTO KhachHang(HoVaTen, DienThoai, DiaChi) VALUES
(N'Lê Thị Kim Yến', '0123456777', 'Chợ Mới'),
(N'Võ Huỳnh Đông', '0123456555', 'Lấp Vò - Đồng Tháp'),
(N'Nguyễn Huỳnh Minh Trí', '0123456444', 'Phú Hòa');

SET IDENTITY_INSERT LoaiSanPham ON
INSERT INTO LoaiSanPham(ID, TenLoai) VALUES
(1, N'Điện thoại'),
(2, N'Máy tính bảng'),
(3, N'Máy tính xách tay');
SET IDENTITY_INSERT LoaiSanPham OFF

SET IDENTITY_INSERT SanPham ON
INSERT INTO SanPham(ID, LoaiSanPhamID, HangSanXuatID, TenSanPham, SoLuong, DonGia, HinhAnh) VALUES
(1, 1, 2, N'iPhone 11 128GB', 100, 21990000, 'no-image.jpg'),
(2, 1, 2, N'iPhone 11 128GB (Hộp mới)', 100, 21990000, 'no-image.jpg'),
(3, 1, 2, N'iPhone 11 256GB', 100, 23990000, 'no-image.jpg'),
(4, 1, 2, N'iPhone 11 256GB (Hộp mới)', 100, 23990000, 'no-image.jpg'),
(5, 1, 2, N'iPhone 11 64GB', 100, 19990000, 'no-image.jpg'),
(6, 1, 2, N'iPhone 11 64GB (Hộp mới)', 100, 19990000, 'no-image.jpg'),
(7, 1, 2, N'iPhone 11 Pro 256GB', 100, 30990000, 'no-image.jpg'),
(8, 1, 2, N'iPhone 11 Pro 64GB', 100, 26990000, 'no-image.jpg'),
(9, 1, 2, N'iPhone 11 Pro Max 256GB', 100, 33990000, 'no-image.jpg'),
(10, 1, 2, N'iPhone 11 Pro Max 512GB', 100, 37990000, 'no-image.jpg'),
(11, 1, 2, N'iPhone 11 Pro Max 64GB', 100, 29990000, 'no-image.jpg'),
(12, 1, 2, N'iPhone 12 128GB', 100, 26990000, 'no-image.jpg'),
(13, 1, 2, N'iPhone 12 256GB', 100, 28990000, 'no-image.jpg'),
(14, 1, 2, N'iPhone 12 64GB', 100, 24990000, 'no-image.jpg'),
(15, 1, 2, N'iPhone 12 mini 128GB', 100, 23990000, 'no-image.jpg'),
(16, 1, 2, N'iPhone 12 mini 256GB', 100, 25990000, 'no-image.jpg'),
(17, 1, 2, N'iPhone 12 mini 64GB', 100, 21990000, 'no-image.jpg'),
(18, 1, 2, N'iPhone 12 Pro 128GB', 100, 30990000, 'no-image.jpg'),
(19, 1, 2, N'iPhone 12 Pro 256GB', 100, 34990000, 'no-image.jpg'),
(20, 1, 2, N'iPhone 12 Pro 512GB', 100, 40990000, 'no-image.jpg'),
(21, 1, 2, N'iPhone 12 Pro Max 128GB', 100, 33990000, 'no-image.jpg'),
(22, 1, 2, N'iPhone 12 Pro Max 256GB', 100, 37990000, 'no-image.jpg'),
(23, 1, 2, N'iPhone 12 Pro Max 512GB', 100, 43990000, 'no-image.jpg'),
(24, 1, 2, N'iPhone 7 128GB', 100, 9990000, 'no-image.jpg'),
(25, 1, 2, N'iPhone 7 32GB', 100, 8990000, 'no-image.jpg'),
(26, 1, 2, N'iPhone 8 Plus 128GB', 100, 14190000, 'no-image.jpg'),
(27, 1, 2, N'iPhone SE 128GB (2020)', 100, 13990000, 'no-image.jpg'),
(28, 1, 2, N'iPhone SE 128GB (2020) (Hộp mới)', 100, 13990000, 'no-image.jpg'),
(29, 1, 2, N'iPhone SE 256GB (2020)', 100, 16990000, 'no-image.jpg'),
(30, 1, 2, N'iPhone SE 256GB (2020) (Hộp mới)', 100, 16990000, 'no-image.jpg'),
(31, 1, 2, N'iPhone SE 64GB (2020)', 100, 12990000, 'no-image.jpg'),
(32, 1, 2, N'iPhone SE 64GB (2020) (Hộp mới)', 100, 12990000, 'no-image.jpg'),
(33, 1, 2, N'iPhone Xr 64GB', 100, 14490000, 'no-image.jpg'),
(34, 1, 2, N'iPhone Xs 64GB', 100, 17990000, 'no-image.jpg'),
(35, 1, 7, N'Itel S15 Pro', 100, 1690000, 'no-image.jpg'),
(36, 1, 10, N'Masstel HAPI 10 Fami', 100, 1190000, 'no-image.jpg'),
(37, 1, 13, N'Nokia 2.4', 100, 2490000, 'no-image.jpg'),
(38, 1, 13, N'Nokia 230', 100, 1250000, 'no-image.jpg'),
(39, 1, 13, N'Nokia 5.3', 100, 2890000, 'no-image.jpg'),
(40, 1, 13, N'Nokia 5310 (2020)', 100, 1000000, 'no-image.jpg'),
(41, 1, 13, N'Nokia 6300 4G', 100, 1290000, 'no-image.jpg'),
(42, 1, 13, N'Nokia 8.3 5G', 100, 11990000, 'no-image.jpg'),
(43, 1, 13, N'Nokia 8000 4G', 100, 1790000, 'no-image.jpg'),
(44, 1, 13, N'Nokia C2', 100, 1490000, 'no-image.jpg'),
(45, 1, 14, N'OnePlus 8 Pro 5G', 100, 22990000, 'no-image.jpg'),
(46, 1, 14, N'OnePlus 8T 5G', 100, 17490000, 'no-image.jpg'),
(47, 1, 14, N'OnePlus Nord 5G', 100, 13990000, 'no-image.jpg'),
(48, 1, 15, N'OPPO A31 (4GB/128GB)', 100, 4490000, 'no-image.jpg'),
(49, 1, 15, N'OPPO A31 (6GB/128GB)', 100, 4790000, 'no-image.jpg'),
(50, 1, 15, N'OPPO A52', 100, 5990000, 'no-image.jpg'),
(51, 1, 15, N'OPPO A53 (2020)', 100, 4490000, 'no-image.jpg'),
(52, 1, 15, N'OPPO A92', 100, 6490000, 'no-image.jpg'),
(53, 1, 15, N'OPPO A93', 100, 7490000, 'no-image.jpg'),
(54, 1, 15, N'OPPO Find X2', 100, 19990000, 'no-image.jpg'),
(55, 1, 15, N'OPPO Reno3', 100, 6990000, 'no-image.jpg'),
(56, 1, 15, N'OPPO Reno3 Pro', 100, 8990000, 'no-image.jpg'),
(57, 1, 15, N'OPPO Reno4', 100, 8490000, 'no-image.jpg'),
(58, 1, 15, N'OPPO Reno4 Pro', 100, 11990000, 'no-image.jpg'),
(59, 1, 16, N'Realme 5i (4GB/64GB)', 100, 3690000, 'no-image.jpg'),
(60, 1, 16, N'Realme 6 (4GB/128GB)', 100, 5690000, 'no-image.jpg'),
(61, 1, 16, N'Realme 6 Pro', 100, 7990000, 'no-image.jpg'),
(62, 1, 16, N'Realme 6i', 100, 4990000, 'no-image.jpg'),
(63, 1, 16, N'Realme 7', 100, 6990000, 'no-image.jpg'),
(64, 1, 16, N'Realme 7 Pro', 100, 8990000, 'no-image.jpg'),
(65, 1, 16, N'Realme 7i', 100, 6290000, 'no-image.jpg'),
(66, 1, 16, N'Realme C11', 100, 2690000, 'no-image.jpg'),
(67, 1, 16, N'Realme C12', 100, 3490000, 'no-image.jpg'),
(68, 1, 16, N'Realme C15', 100, 4190000, 'no-image.jpg'),
(69, 1, 16, N'Realme C3 (3GB/32GB)', 100, 2990000, 'no-image.jpg'),
(70, 1, 16, N'Realme C3 (3GB/64GB)', 100, 3590000, 'no-image.jpg'),
(71, 1, 17, N'Samsung Galaxy A01', 100, 2790000, 'no-image.jpg'),
(72, 1, 17, N'Samsung Galaxy A10s', 100, 3690000, 'no-image.jpg'),
(73, 1, 17, N'Samsung Galaxy A11', 100, 3590000, 'no-image.jpg'),
(74, 1, 17, N'Samsung Galaxy A20s 32GB', 100, 4390000, 'no-image.jpg'),
(75, 1, 17, N'Samsung Galaxy A20s 64GB', 100, 5390000, 'no-image.jpg'),
(76, 1, 17, N'Samsung Galaxy A21s (3GB/32GB)', 100, 4690000, 'no-image.jpg'),
(77, 1, 17, N'Samsung Galaxy A21s (6GB/64GB)', 100, 5290000, 'no-image.jpg'),
(78, 1, 17, N'Samsung Galaxy A30s', 100, 6290000, 'no-image.jpg'),
(79, 1, 17, N'Samsung Galaxy A31', 100, 6490000, 'no-image.jpg'),
(80, 1, 17, N'Samsung Galaxy A50s', 100, 6990000, 'no-image.jpg'),
(81, 1, 17, N'Samsung Galaxy A51 (6GB/128GB)', 100, 7490000, 'no-image.jpg'),
(82, 1, 17, N'Samsung Galaxy A51 (8GB/128GB)', 100, 8390000, 'no-image.jpg'),
(83, 1, 17, N'Samsung Galaxy A70', 100, 9290000, 'no-image.jpg'),
(84, 1, 17, N'Samsung Galaxy A71', 100, 9490000, 'no-image.jpg'),
(85, 1, 17, N'Samsung Galaxy M51', 100, 9490000, 'no-image.jpg'),
(86, 1, 17, N'Samsung Galaxy Note 10 Lite', 100, 10690000, 'no-image.jpg'),
(87, 1, 17, N'Samsung Galaxy Note 10+', 100, 16490000, 'no-image.jpg'),
(88, 1, 17, N'Samsung Galaxy Note 20', 100, 19990000, 'no-image.jpg'),
(89, 1, 17, N'Samsung Galaxy Note 20 Ultra 5G', 100, 28990000, 'no-image.jpg'),
(90, 1, 17, N'Samsung Galaxy Note 20 Ultra 5G Trắng', 100, 32990000, 'no-image.jpg'),
(91, 1, 17, N'Samsung Galaxy S10 Lite', 100, 12990000, 'no-image.jpg'),
(92, 1, 17, N'Samsung Galaxy S20', 100, 21490000, 'no-image.jpg'),
(93, 1, 17, N'Samsung Galaxy S20 FE', 100, 15990000, 'no-image.jpg'),
(94, 1, 17, N'Samsung Galaxy S20+', 100, 23990000, 'no-image.jpg'),
(95, 1, 17, N'Samsung Galaxy Z Flip', 100, 36000000, 'no-image.jpg'),
(96, 1, 17, N'Samsung Galaxy Z Fold2 5G', 100, 50000000, 'no-image.jpg'),
(97, 1, 18, N'Vivo S1 Pro', 100, 5490000, 'no-image.jpg'),
(98, 1, 18, N'Vivo U10', 100, 3790000, 'no-image.jpg'),
(99, 1, 18, N'Vivo V19', 100, 7990000, 'no-image.jpg'),
(100, 1, 18, N'Vivo V19 Neo', 100, 7190000, 'no-image.jpg'),
(101, 1, 18, N'Vivo V20', 100, 8490000, 'no-image.jpg'),
(102, 1, 18, N'Vivo V20 SE', 100, 7190000, 'no-image.jpg'),
(103, 1, 18, N'Vivo X50', 100, 11990000, 'no-image.jpg'),
(104, 1, 18, N'Vivo X50 Pro', 100, 18990000, 'no-image.jpg'),
(105, 1, 18, N'Vivo Y11', 100, 2990000, 'no-image.jpg'),
(106, 1, 18, N'Vivo Y12s (3GB/32GB)', 100, 3290000, 'no-image.jpg'),
(107, 1, 18, N'Vivo Y12s (4GB/128GB)', 100, 4290000, 'no-image.jpg'),
(108, 1, 18, N'Vivo Y19', 100, 4790000, 'no-image.jpg'),
(109, 1, 18, N'Vivo Y1s', 100, 2490000, 'no-image.jpg'),
(110, 1, 18, N'Vivo Y20', 100, 3990000, 'no-image.jpg'),
(111, 1, 18, N'Vivo Y20s', 100, 4990000, 'no-image.jpg'),
(112, 1, 18, N'Vivo Y30', 100, 4490000, 'no-image.jpg'),
(113, 1, 18, N'Vivo Y50', 100, 5990000, 'no-image.jpg'),
(114, 1, 19, N'Xiaomi Mi 10T Pro 5G', 100, 12990000, 'no-image.jpg'),
(115, 1, 19, N'Xiaomi POCO X3 NFC', 100, 6990000, 'no-image.jpg'),
(116, 1, 19, N'Xiaomi Redmi 9 (3GB/32GB)', 100, 3590000, 'no-image.jpg'),
(117, 1, 19, N'Xiaomi Redmi 9 (4GB/64GB)', 100, 3990000, 'no-image.jpg'),
(118, 1, 19, N'Xiaomi Redmi 9A', 100, 1990000, 'no-image.jpg'),
(119, 1, 19, N'Xiaomi Redmi 9C (2GB/32GB)', 100, 2490000, 'no-image.jpg'),
(120, 1, 19, N'Xiaomi Redmi 9C (3GB/64GB)', 100, 2990000, 'no-image.jpg'),
(121, 1, 19, N'Xiaomi Redmi Note 7 (4GB/64GB)', 100, 3990000, 'no-image.jpg'),
(122, 1, 19, N'Xiaomi Redmi Note 8 (3GB/32GB)', 100, 3990000, 'no-image.jpg'),
(123, 1, 19, N'Xiaomi Redmi Note 8 (4GB/128GB)', 100, 4790000, 'no-image.jpg'),
(124, 1, 19, N'Xiaomi Redmi Note 8 (4GB/64GB)', 100, 4490000, 'no-image.jpg'),
(125, 1, 19, N'Xiaomi Redmi Note 8 Pro (6GB/128GB)', 100, 5990000, 'no-image.jpg'),
(126, 1, 19, N'Xiaomi Redmi Note 9', 100, 4790000, 'no-image.jpg'),
(127, 1, 19, N'Xiaomi Redmi Note 9 Pro (6GB/128GB)', 100, 6990000, 'no-image.jpg'),
(128, 1, 19, N'Xiaomi Redmi Note 9 Pro (6GB/64GB)', 100, 6490000, 'no-image.jpg'),
(129, 1, 19, N'Xiaomi Redmi Note 9S', 100, 5990000, 'no-image.jpg'),
(130, 2, 6, N'Huawei MediaPad M5 Lite', 100, 7990000, 'no-image.jpg'),
(131, 2, 6, N'Huawei MediaPad T3 10 (2017)', 100, 3740000, 'no-image.jpg'),
(132, 2, 6, N'Huawei MediaPad T3 8.0 (2017)', 100, 3290000, 'no-image.jpg'),
(133, 2, 6, N'Huawei Mediapad T5 10.1 inch (3GB/32GB)', 100, 4990000, 'no-image.jpg'),
(134, 2, 2, N'iPad 10.2 inch Wifi 128GB (2019)', 100, 11490000, 'no-image.jpg'),
(135, 2, 2, N'iPad 10.2 inch Wifi 32GB (2019)', 100, 9490000, 'no-image.jpg'),
(136, 2, 2, N'iPad 8 Wifi 128GB (2020)', 100, 11990000, 'no-image.jpg'),
(137, 2, 2, N'iPad 8 Wifi 32GB (2020)', 100, 9990000, 'no-image.jpg'),
(138, 2, 2, N'iPad 8 Wifi Cellular 128GB (2020)', 100, 15990000, 'no-image.jpg'),
(139, 2, 2, N'iPad 8 Wifi Cellular 32GB (2020)', 100, 13990000, 'no-image.jpg'),
(140, 2, 2, N'iPad Air 4 Wifi 256GB (2020)', 100, 21490000, 'no-image.jpg'),
(141, 2, 2, N'iPad Air 4 Wifi 64GB (2020)', 100, 16990000, 'no-image.jpg'),
(142, 2, 2, N'iPad Air 4 Wifi Cellular 256GB (2020)', 100, 24990000, 'no-image.jpg'),
(143, 2, 2, N'iPad Air 4 Wifi Cellular 64GB (2020)', 100, 20990000, 'no-image.jpg'),
(144, 2, 2, N'iPad Mini 7.9 inch Wifi 64GB (2019)', 100, 9990000, 'no-image.jpg'),
(145, 2, 2, N'iPad Mini 7.9 inch Wifi Cellular 64GB (2019)', 100, 13990000, 'no-image.jpg'),
(146, 2, 2, N'iPad Pro 11 inch Wifi 128GB (2020)', 100, 21490000, 'no-image.jpg'),
(147, 2, 2, N'iPad Pro 11 inch Wifi Cellular 128GB (2020)', 100, 25490000, 'no-image.jpg'),
(148, 2, 2, N'iPad Pro 12.9 inch Wifi 128GB (2020)', 100, 27490000, 'no-image.jpg'),
(149, 2, 2, N'iPad Pro 12.9 inch Wifi Cellular 128GB (2020)', 100, 31490000, 'no-image.jpg'),
(150, 2, 8, N'Lenovo Tab E10 TB-X104L Đen', 100, 3190000, 'no-image.jpg'),
(151, 2, 8, N'Lenovo Tab E7 TB-7104I', 100, 1690000, 'no-image.jpg'),
(152, 2, 8, N'Lenovo Tab M10', 100, 4390000, 'no-image.jpg'),
(153, 2, 8, N'Lenovo Tab M8 (TB-8505X)', 100, 3490000, 'no-image.jpg'),
(154, 2, 10, N'Masstel Tab 10 Pro', 100, 2590000, 'no-image.jpg'),
(155, 2, 10, N'Masstel Tab 10 Ultra', 100, 3490000, 'no-image.jpg'),
(156, 2, 10, N'Masstel Tab8 Pro', 100, 2090000, 'no-image.jpg'),
(157, 2, 11, N'Mobell Tab 8A', 100, 1590000, 'no-image.jpg'),
(158, 2, 17, N'Samsung Galaxy Tab A 10.1 T515 (2019)', 100, 7490000, 'no-image.jpg'),
(159, 2, 17, N'Samsung Galaxy Tab A7 (2020)', 100, 7990000, 'no-image.jpg'),
(160, 2, 17, N'Samsung Galaxy Tab A8 T295 (2019)', 100, 3690000, 'no-image.jpg'),
(161, 2, 17, N'Samsung Galaxy Tab S6', 100, 18490000, 'no-image.jpg'),
(162, 2, 17, N'Samsung Galaxy Tab S6 Lite', 100, 9990000, 'no-image.jpg'),
(163, 2, 17, N'Samsung Galaxy Tab S7', 100, 18990000, 'no-image.jpg'),
(164, 2, 17, N'Samsung Galaxy Tab with S Pen (P205)', 100, 6990000, 'no-image.jpg'),
(165, 3, 1, N'Acer Aspire 3 A315 34 P26U N5030 (NX.HE3SV.00H)', 100, 7990000, 'no-image.jpg'),
(166, 3, 1, N'Acer Aspire 3 A315 54K 37B0 i3 8130U (NX.HEESV.00D)', 100, 9990000, 'no-image.jpg'),
(167, 3, 1, N'Acer Aspire 3 A315 56 58EB i5 1035G1 (NX.HS5SV.00B)', 100, 14990000, 'no-image.jpg'),
(168, 3, 1, N'Acer Aspire A315 54 558R i5 8265U (NX.HEFSV.005)', 100, 11490000, 'no-image.jpg'),
(169, 3, 1, N'Acer Aspire A315 55G 78Q1 i7 8565U (NX.HEDSV.003)', 100, 19290000, 'no-image.jpg'),
(170, 3, 1, N'Acer Aspire A315 56 308N i3 1005G1 (NX.HS5SV.00C)', 100, 11690000, 'no-image.jpg'),
(171, 3, 1, N'Acer Aspire A315 56 34AY i3 1005G1 (NX.HS5SV.007)', 100, 12690000, 'no-image.jpg'),
(172, 3, 1, N'Acer Aspire A514 53 5921 i5 1035G1 (NX.HUPSV.001)', 100, 16490000, 'no-image.jpg'),
(173, 3, 1, N'Acer Aspire A514 53G 513J i5 1035G1 (NX.HYWSV.001)', 100, 17990000, 'no-image.jpg'),
(174, 3, 1, N'Acer Aspire E5 576G 88EP i7 8550U (NX.H2ESV.001)', 100, 16790000, 'no-image.jpg'),
(175, 3, 1, N'Acer Swift 3 SF314 54 51QL i5 8250U (NX.GXZSV.001)', 100, 15790000, 'no-image.jpg'),
(176, 3, 1, N'Acer Swift 3 SF314 57 52GB i5 1035G1 (NX.HJFSV.001)', 100, 18490000, 'no-image.jpg'),
(177, 3, 1, N'Acer Swift 3 SF315 51 54H0 i5 8250U (NX.GSKSV.004)', 100, 16490000, 'no-image.jpg'),
(178, 3, 1, N'Acer Swift 5 SF514 53T 51EX i5 8265U (NX.H7KSV.001)', 100, 23490000, 'no-image.jpg'),
(179, 3, 1, N'Acer Swift 5 SF514 53T 720R i7 8565U (NX.H7HSV.002)', 100, 27290000, 'no-image.jpg'),
(180, 3, 2, N'Apple MacBook Air 2020 i3 256GB (MWTJ2SA/A)', 100, 28990000, 'no-image.jpg'),
(181, 3, 3, N'Asus ExpertBook B9450F i5 10210U (BM0324T)', 100, 34190000, 'no-image.jpg'),
(182, 3, 3, N'Asus ExpertBook B9450F i7 10510U (BM0616R)', 100, 44990000, 'no-image.jpg'),
(183, 3, 3, N'Asus Vivobook 15 X507UF i7 8550U (EJ074T)', 100, 17190000, 'no-image.jpg'),
(184, 3, 3, N'Asus VivoBook A412FA i3 10110U (EK1175T)', 100, 12690000, 'no-image.jpg'),
(185, 3, 3, N'Asus VivoBook A412FA i3 10110U (EK1179T)', 100, 13090000, 'no-image.jpg'),
(186, 3, 3, N'Asus VivoBook A412FA i3 8145U (EK342T)', 100, 12490000, 'no-image.jpg'),
(187, 3, 3, N'Asus VivoBook A412FA i5 10210U (EK738T)', 100, 16190000, 'no-image.jpg'),
(188, 3, 3, N'Asus VivoBook A415EA i3 1115G4 (EB317T)', 100, 13690000, 'no-image.jpg'),
(189, 3, 3, N'Asus VivoBook A415EA i3 1115G4 (EB353T)', 100, 14190000, 'no-image.jpg'),
(190, 3, 3, N'Asus VivoBook A512FA i3 10110U (EJ2033T)', 100, 13990000, 'no-image.jpg'),
(191, 3, 3, N'Asus VivoBook A512FA i3 8145U (EJ1868T)', 100, 12790000, 'no-image.jpg'),
(192, 3, 3, N'Asus VivoBook A512FA i5 10210U (EJ1734T)', 100, 16990000, 'no-image.jpg'),
(193, 3, 3, N'Asus VivoBook A515EA i3 1115G4 (BQ497T)', 100, 14690000, 'no-image.jpg'),
(194, 3, 3, N'Asus VivoBook Gaming F571GT i5 9300H/120Hz (AL851T)', 100, 21790000, 'no-image.jpg'),
(195, 3, 3, N'Asus VivoBook Gaming F571GT i7 9750H/120Hz (AL858T)', 100, 24490000, 'no-image.jpg'),
(196, 3, 3, N'Asus VivoBook S530FA i3 8145U (BQ185T)', 100, 11350000, 'no-image.jpg'),
(197, 3, 3, N'Asus VivoBook X407UF i7 8550U (BV022T)', 100, 16890000, 'no-image.jpg'),
(198, 3, 3, N'Asus VivoBook X409JA i3 1005G1 (EK015T)', 100, 11590000, 'no-image.jpg'),
(199, 3, 3, N'Asus VivoBook X409JA i5 1035G1 (EK052T)', 100, 15490000, 'no-image.jpg'),
(200, 3, 3, N'Asus VivoBook X441MA N5000 (GA024T)', 100, 6690000, 'no-image.jpg'),
(201, 3, 3, N'Asus VivoBook X507UB i7 8550U (BR354T)', 100, 16890000, 'no-image.jpg'),
(202, 3, 3, N'Asus VivoBook X509JA i7 1065G7 (EJ232TS)', 100, 19190000, 'no-image.jpg'),
(203, 3, 3, N'Asus VivoBook X509JP i5 1035G1 (EJ023T)', 100, 17190000, 'no-image.jpg'),
(204, 3, 3, N'Asus VivoBook X509M N5000 (EJ255T)', 100, 8890000, 'no-image.jpg'),
(205, 3, 3, N'Asus VivoBook X509MA N4020 (BR271T)', 100, 6990000, 'no-image.jpg'),
(206, 3, 3, N'Asus VivoBook X509MA N5030 (EJ256T)', 100, 8890000, 'no-image.jpg'),
(207, 3, 3, N'Asus ZenBook UX425EA i5 1135G7 (BM069T)', 100, 22990000, 'no-image.jpg'),
(208, 3, 4, N'Dell Inspiron 3493 i5 1035G1 (N4I5122WA)', 100, 15290000, 'no-image.jpg'),
(209, 3, 4, N'Dell Inspiron 5593 i5 1035G1 (7WGNV1)', 100, 17990000, 'no-image.jpg'),
(210, 3, 4, N'Dell Vostro 3491 i3 1005G1 (70223127)', 100, 10990000, 'no-image.jpg'),
(211, 3, 4, N'Dell Vostro 3590 i5 10210U (GRMGK3)', 100, 15590000, 'no-image.jpg'),
(212, 3, 4, N'Dell Vostro 3590 i7 10510U (GRMGK2)', 100, 20990000, 'no-image.jpg'),
(213, 3, 4, N'Dell Vostro 5370 i5 8250U (7M6D51)', 100, 18530000, 'no-image.jpg'),
(214, 3, 4, N'Dell Vostro 5490 i7 10510U (70223128)', 100, 22490000, 'no-image.jpg'),
(215, 3, 4, N'Dell XPS 13 9300 i5 1035G1 (70217873)', 100, 39990000, 'no-image.jpg'),
(216, 3, 5, N'HP 15 da0054TU i3 7020U (4ME68PA)', 100, 10690000, 'no-image.jpg'),
(217, 3, 5, N'Hp 15s du1035TX i5 10210U (8RK36PA)', 100, 16990000, 'no-image.jpg'),
(218, 3, 5, N'HP 15s du1056TU 6405U (1W7R5PA)', 100, 8890000, 'no-image.jpg'),
(219, 3, 5, N'HP 15s du1076TX i5 10210U (1R8E2PA)', 100, 17490000, 'no-image.jpg'),
(220, 3, 5, N'HP 15s du1103TU i5 10210U (2W7J7PA)', 100, 16490000, 'no-image.jpg'),
(221, 3, 5, N'HP 15s du2050TX i3 1005G1 (1M8W2PA)', 100, 12390000, 'no-image.jpg'),
(222, 3, 5, N'HP 15s fq0004TU N5000 (1A0D5PA)', 100, 8490000, 'no-image.jpg'),
(223, 3, 5, N'HP 15s fq1105TU i5 1035G1 (193P7PA)', 100, 16490000, 'no-image.jpg'),
(224, 3, 5, N'HP 15s fq1111TU i3 1005G1 (193R0PA)', 100, 11390000, 'no-image.jpg'),
(225, 3, 5, N'HP 348 G7 i3 8130U (1A0Z1PA)', 100, 11990000, 'no-image.jpg'),
(226, 3, 5, N'HP 348 G7 i3 8130U (9PG83PA)', 100, 10990000, 'no-image.jpg'),
(227, 3, 5, N'HP 348 G7 i5 10210U (9PH06PA)', 100, 15990000, 'no-image.jpg'),
(228, 3, 5, N'HP Envy 13 aq1047TU i7 10510U (8XS69PA)', 100, 28490000, 'no-image.jpg'),
(229, 3, 5, N'HP Envy 13 aq1057TX i7 10510U (8XS68PA)', 100, 29990000, 'no-image.jpg'),
(230, 3, 5, N'HP Envy 13 ba0045TU i5 1035G4 (171M2PA)', 100, 21990000, 'no-image.jpg'),
(231, 3, 5, N'HP Envy 13 ba0046TU i5 1035G4 (171M7PA)', 100, 22990000, 'no-image.jpg'),
(232, 3, 5, N'HP Envy 13 ba0047TU i7 1065G7 (171M8PA)', 100, 27990000, 'no-image.jpg'),
(233, 3, 5, N'HP Envy 13 ba1027TU i5 1135G7 (2K0B1PA)', 100, 22590000, 'no-image.jpg'),
(234, 3, 5, N'HP Envy 13 ba1030TU i7 1165G7 (2K0B6PA)', 100, 28490000, 'no-image.jpg'),
(235, 3, 5, N'HP Pavilion 14 ce2035tu i3 8145U (6YZ18PA)', 100, 12990000, 'no-image.jpg'),
(236, 3, 5, N'HP Pavilion 14 ce3067TU i5 1035G1 (1A1M7PA)', 100, 17990000, 'no-image.jpg'),
(237, 3, 5, N'HP Pavilion 15 cs3010TU i3 1005G1 (8QN78PA)', 100, 13590000, 'no-image.jpg'),
(238, 3, 5, N'HP Pavilion 15 cs3014TU i5 1035G1 (8QP20PA)', 100, 15590000, 'no-image.jpg'),
(239, 3, 5, N'HP Pavilion 15 cs3061TX i5 1035G1 (8RE83PA)', 100, 18190000, 'no-image.jpg'),
(240, 3, 5, N'HP Pavilion x360 14 dw0060TU i3 1005G1 (195M8PA)', 100, 14190000, 'no-image.jpg'),
(241, 3, 5, N'HP ZBook FireFly 14 G7 i5 10210U (8VK70AV)', 100, 31890000, 'no-image.jpg'),
(242, 3, 5, N'HP Zbook Firefly 14 G7 i7 10510U (8VK71AV)', 100, 38890000, 'no-image.jpg'),
(243, 3, 6, N'Huawei MateBook D 15 R5 3500U', 100, 15990000, 'no-image.jpg'),
(244, 3, 6, N'Huawei MateBook D 15 R5 3500U (Boh-WAQ9CR)', 100, 16490000, 'no-image.jpg'),
(245, 3, 8, N'Lenovo IdeaPad C340 14IML i5 10210U (81TK007QVN)', 100, 13080000, 'no-image.jpg'),
(246, 3, 8, N'Lenovo IdeaPad S340 15IIL i5 1035G4 (81VW00A8VN)', 100, 16290000, 'no-image.jpg'),
(247, 3, 8, N'Lenovo IdeaPad S340 15IIL i7 1065G7 (81VW007AVN)', 100, 19290000, 'no-image.jpg'),
(248, 3, 8, N'Lenovo IdeaPad Slim 3 14IIL05 i7 1065G7 (81WD0040VN)', 100, 18790000, 'no-image.jpg'),
(249, 3, 8, N'Lenovo IdeaPad Slim 3 15IIL05 i3 1005G1 (81WE003RVN)', 100, 12990000, 'no-image.jpg'),
(250, 3, 8, N'Lenovo IdeaPad Slim 3 15IIL05 i5 1035G4 (81WE003QVN)', 100, 15790000, 'no-image.jpg'),
(251, 3, 8, N'Lenovo IdeaPad Slim 5 14IIL05 i5 1035G1 (81YH0050VN)', 100, 17990000, 'no-image.jpg'),
(252, 3, 8, N'Lenovo IdeaPad Slim 5 15IIL05 i3 1005G1 (81YK004TVN)', 100, 14990000, 'no-image.jpg'),
(253, 3, 8, N'Lenovo IdeaPad Slim 5 15IIL05 i5 (81YK004UVN)', 100, 18990000, 'no-image.jpg'),
(254, 3, 8, N'Lenovo Legion 5 15IMH05 i7 10750H/120Hz (82AU0051VN)', 100, 28990000, 'no-image.jpg'),
(255, 3, 8, N'Lenovo ThinkBook 14IIL i5 1035G1 (20SL00MFVN)', 100, 15990000, 'no-image.jpg'),
(256, 3, 8, N'Lenovo ThinkBook 14IIL i7 1065G7 (20SL00MEVN)', 100, 22290000, 'no-image.jpg'),
(257, 3, 8, N'Lenovo ThinkBook 14IML i3 10110U (20RV00B7VN)', 100, 11240000, 'no-image.jpg'),
(258, 3, 8, N'Lenovo ThinkBook 14IML i7 10510U (20RV00BJVN)', 100, 21490000, 'no-image.jpg'),
(259, 3, 8, N'Lenovo ThinkBook 15IIL i3 1005G1 (20SM00D9VN)', 100, 11690000, 'no-image.jpg'),
(260, 3, 9, N'LG Gram 14 i5 1035G7 (14Z90N-V.AR52A5)', 100, 28990000, 'no-image.jpg'),
(261, 3, 9, N'LG Gram 15 i5 1035G7 (15Z90N-V.AR55A5)', 100, 33990000, 'no-image.jpg'),
(262, 3, 9, N'LG Gram 17 i7 1065G7 (17Z90N-V.AH75A5)', 100, 38490000, 'no-image.jpg'),
(263, 3, 2, N'MacBook Air 2017 128GB (MQD32SA/A)', 100, 20990000, 'no-image.jpg'),
(264, 3, 2, N'MacBook Air 2020 i3 256GB (MWTL2SA/A)', 100, 28990000, 'no-image.jpg');
SET IDENTITY_INSERT SanPham OFF

SET IDENTITY_INSERT HoaDon ON
INSERT INTO HoaDon(ID, NhanVienID, KhachHangID, NgayLap) VALUES	
(1, 1, 1, '2023-02-01'),
(2, 2, 2, '2023-02-02'),
(3, 1, 3, '2023-02-03'),
(4, 2, 1, '2023-02-04'),
(5, 1, 2, '2023-02-05'),
(6, 2, 3, '2023-02-06'),
(7, 1, 1, '2023-02-07'),
(8, 2, 2, '2023-02-08'),
(9, 1, 3, '2023-02-09'),
(10, 2, 1, '2023-02-10'),
(11, 1, 2, '2023-02-11'),
(12, 2, 3, '2023-02-12'),
(13, 1, 1, '2023-02-13'),
(14, 2, 2, '2023-02-14'),
(15, 1, 3, '2023-02-15'),
(16, 2, 1, '2023-02-16'),
(17, 1, 2, '2023-02-17'),
(18, 2, 3, '2023-02-18'),
(19, 1, 1, '2023-02-19'),
(20, 2, 2, '2023-02-20'),
(21, 1, 3, '2023-02-21'),
(22, 2, 1, '2023-02-22'),
(23, 1, 2, '2023-02-23'),
(24, 2, 3, '2023-02-24'),
(25, 1, 1, '2023-02-25'),
(26, 2, 2, '2023-02-26'),
(27, 1, 3, '2023-02-27'),
(28, 2, 1, '2023-02-28'),
(29, 1, 2, '2023-03-01'),
(30, 2, 3, '2023-03-02'),
(31, 1, 1, '2023-03-03'),
(32, 2, 2, '2023-03-04'),
(33, 1, 3, '2023-03-05'),
(34, 2, 1, '2023-03-06'),
(35, 1, 2, '2023-03-07'),
(36, 2, 3, '2023-03-08'),
(37, 1, 1, '2023-03-09'),
(38, 2, 2, '2023-03-10'),
(39, 1, 3, '2023-03-11'),
(40, 2, 1, '2023-03-12'),
(41, 1, 2, '2023-03-13'),
(42, 2, 3, '2023-03-14'),
(43, 1, 1, '2023-03-15'),
(44, 2, 2, '2023-03-16'),
(45, 1, 3, '2023-03-17'),
(46, 2, 1, '2023-03-18'),
(47, 1, 2, '2023-03-19'),
(48, 2, 3, '2023-03-20'),
(49, 1, 1, '2023-03-21'),
(50, 2, 2, '2023-03-22'),
(51, 1, 3, '2023-03-23'),
(52, 2, 1, '2023-03-24'),
(53, 1, 2, '2023-03-25'),
(54, 2, 3, '2023-03-26'),
(55, 1, 1, '2023-03-27'),
(56, 2, 2, '2023-03-28'),
(57, 1, 3, '2023-03-29'),
(58, 2, 1, '2023-03-30'),
(59, 1, 2, '2023-03-31'),
(60, 2, 3, '2023-04-01'),
(61, 1, 1, '2023-04-02'),
(62, 2, 2, '2023-04-03'),
(63, 1, 3, '2023-04-04'),
(64, 2, 1, '2023-04-05'),
(65, 1, 2, '2023-04-06'),
(66, 2, 3, '2023-04-07'),
(67, 1, 1, '2023-04-08'),
(68, 2, 2, '2023-04-09'),
(69, 1, 3, '2023-04-10'),
(70, 2, 1, '2023-04-11'),
(71, 1, 2, '2023-04-12'),
(72, 2, 3, '2023-04-13'),
(73, 1, 1, '2023-04-14'),
(74, 2, 2, '2023-04-15'),
(75, 1, 3, '2023-04-16'),
(76, 2, 1, '2023-04-17'),
(77, 1, 2, '2023-04-18'),
(78, 2, 3, '2023-04-19'),
(79, 1, 1, '2023-04-20'),
(80, 2, 2, '2023-04-21'),
(81, 1, 3, '2023-04-22'),
(82, 2, 1, '2023-04-23'),
(83, 1, 2, '2023-04-24'),
(84, 2, 3, '2023-04-25'),
(85, 1, 1, '2023-04-26'),
(86, 2, 2, '2023-04-27'),
(87, 1, 3, '2023-04-28'),
(88, 2, 1, '2023-04-29'),
(89, 1, 2, '2023-04-30'),
(90, 2, 3, '2023-05-01'),
(91, 1, 1, '2023-05-02'),
(92, 2, 2, '2023-05-03'),
(93, 1, 3, '2023-05-04'),
(94, 2, 1, '2023-05-05'),
(95, 1, 2, '2023-05-06'),
(96, 2, 3, '2023-05-07'),
(97, 1, 1, '2023-05-08'),
(98, 2, 2, '2023-05-09'),
(99, 1, 3, '2023-05-10'),
(100, 2, 1, '2023-05-11');
SET IDENTITY_INSERT HoaDon OFF

SET IDENTITY_INSERT HoaDon_ChiTiet ON
INSERT INTO HoaDon_ChiTiet(ID, HoaDonID, SanPhamID, SoLuongBan, DonGiaBan) VALUES	
(1, 1, 1, 1, 21990000),
(2, 2, 2, 1, 21990000),
(3, 3, 3, 1, 23990000),
(4, 4, 4, 1, 23990000),
(5, 5, 5, 1, 19990000),
(6, 6, 6, 1, 19990000),
(7, 7, 7, 1, 30990000),
(8, 8, 8, 1, 26990000),
(9, 9, 9, 1, 33990000),
(10, 10, 10, 1, 37990000),
(11, 11, 11, 1, 29990000),
(12, 12, 12, 1, 26990000),
(13, 13, 13, 1, 28990000),
(14, 14, 14, 1, 24990000),
(15, 15, 15, 1, 23990000),
(16, 16, 16, 1, 25990000),
(17, 17, 17, 1, 21990000),
(18, 18, 18, 1, 30990000),
(19, 19, 19, 1, 34990000),
(20, 20, 20, 1, 40990000),
(21, 21, 21, 1, 33990000),
(22, 22, 22, 1, 37990000),
(23, 23, 23, 1, 43990000),
(24, 24, 24, 1, 9990000),
(25, 25, 25, 1, 8990000),
(26, 26, 26, 1, 14190000),
(27, 27, 27, 1, 13990000),
(28, 28, 28, 1, 13990000),
(29, 29, 29, 1, 16990000),
(30, 30, 30, 1, 16990000),
(31, 31, 31, 1, 12990000),
(32, 32, 32, 1, 12990000),
(33, 33, 33, 1, 14490000),
(34, 34, 34, 1, 17990000),
(35, 35, 35, 1, 1690000),
(36, 36, 36, 1, 1190000),
(37, 37, 37, 1, 2490000),
(38, 38, 38, 1, 1250000),
(39, 39, 39, 1, 2890000),
(40, 40, 40, 1, 1000000),
(41, 41, 41, 1, 1290000),
(42, 42, 42, 1, 11990000),
(43, 43, 43, 1, 1790000),
(44, 44, 44, 1, 1490000),
(45, 45, 45, 1, 22990000),
(46, 46, 46, 1, 17490000),
(47, 47, 47, 1, 13990000),
(48, 48, 48, 1, 4490000),
(49, 49, 49, 1, 4790000),
(50, 50, 50, 1, 5990000),
(51, 51, 51, 1, 4490000),
(52, 52, 52, 1, 6490000),
(53, 53, 53, 1, 7490000),
(54, 54, 54, 1, 19990000),
(55, 55, 55, 1, 6990000),
(56, 56, 56, 1, 8990000),
(57, 57, 57, 1, 8490000),
(58, 58, 58, 1, 11990000),
(59, 59, 59, 1, 3690000),
(60, 60, 60, 1, 5690000),
(61, 61, 61, 1, 7990000),
(62, 62, 62, 1, 4990000),
(63, 63, 63, 1, 6990000),
(64, 64, 64, 1, 8990000),
(65, 65, 65, 1, 6290000),
(66, 66, 66, 1, 2690000),
(67, 67, 67, 1, 3490000),
(68, 68, 68, 1, 4190000),
(69, 69, 69, 1, 2990000),
(70, 70, 70, 1, 3590000),
(71, 71, 71, 1, 2790000),
(72, 72, 72, 1, 3690000),
(73, 73, 73, 1, 3590000),
(74, 74, 74, 1, 4390000),
(75, 75, 75, 1, 5390000),
(76, 76, 76, 1, 4690000),
(77, 77, 77, 1, 5290000),
(78, 78, 78, 1, 6290000),
(79, 79, 79, 1, 6490000),
(80, 80, 80, 1, 6990000),
(81, 81, 81, 1, 7490000),
(82, 82, 82, 1, 8390000),
(83, 83, 83, 1, 9290000),
(84, 84, 84, 1, 9490000),
(85, 85, 85, 1, 9490000),
(86, 86, 86, 1, 10690000),
(87, 87, 87, 1, 16490000),
(88, 88, 88, 1, 19990000),
(89, 89, 89, 1, 28990000),
(90, 90, 90, 1, 32990000),
(91, 91, 91, 1, 12990000),
(92, 92, 92, 1, 21490000),
(93, 93, 93, 1, 15990000),
(94, 94, 94, 1, 23990000),
(95, 95, 95, 1, 36000000),
(96, 96, 96, 1, 50000000),
(97, 97, 97, 1, 5490000),
(98, 98, 98, 1, 3790000),
(99, 99, 99, 1, 7990000),
(100, 100, 100, 1, 7190000);
SET IDENTITY_INSERT HoaDon_ChiTiet OFF